ioc,type,context
97a1e14988672f7381d54e70785994ed45c2efe3da37e07be251a627f25078a7,SHA256,WastedLocker Ransomware
5cd04805f9753ca08b82e88c27bf5426d1d356bb26b281885573051048911367,SHA256,WastedLocker Ransomware
887aac61771af200f7e58bf0d02cb96d9befa11deda4e448f0a700ccb186ce9d,SHA256,WastedLocker Ransomware
8897db876553f942b2eb4005f8475a232bafb82a50ca7761a621842e894a3d80,SHA256,WastedLocker Ransomware
bcdac1a2b67e2b47f8129814dca3bcf7d55404757eb09f1c3103f57da3153ec8,SHA256,WastedLocker Ransomware
e3bf41de3a7edf556d43b6196652aa036e48a602bb3f7c98af9dae992222a8eb,SHA256,WastedLocker Ransomware
ed0632acb266a4ec3f51dd803c8025bccd654e53c64eb613e203c590897079b3,SHA256,WastedLocker Ransomware
aa05e7a187ddec2e11fc1c9eafe61408d085b0ab6cd12caeaf531c9dca129772,SHA256,WastedLocker Ransomware
817704ed2f654929623d9d3e4b71ce0082ef4eadb3fe2d80c726e874dc6952a3,SHA256,WastedLocker Ransomware
023f1ef0cc2c1e055b05ae1ff5bcc6bf2421003dea227aeb6d70c8a525fa3b82,SHA256,WastedLocker Ransomware
85f391ecd480711401f6da2f371156f995dd5cff7580f37791e79e62b91fd9eb,SHA256,WastedLocker Ransomware
bceb4f44d73f1a784e0af50e233eb1b4,MD5,WastedLocker Ransomware
572fea5f025df78f2d316216fbeee52e,MD5,WastedLocker Ransomware
6b20ef8fb494cc6e455220356de298d0,MD5,WastedLocker Ransomware
ecb00e9a61f99a7d4c90723294986bbc,MD5,WastedLocker Ransomware
0ed2ca539a01cdb86c88a9a1604b2005,MD5,WastedLocker Ransomware
f67ea8e471e827e4b7b65b65647d1d46,MD5,WastedLocker Ransomware
edbf07eaca4fff5f2d3f045567a9dc6f,MD5,WastedLocker Ransomware
13e623cdfb75d99ea7e04c6157ca8ae6,MD5,WastedLocker Ransomware
58ffddb4b62cc757a99d35174a3d084e,MD5,WastedLocker Ransomware
fb95561e8ed7289d015e945ad470e6db,MD5,WastedLocker Ransomware
3208a14c9bad334e331febe00f1e9734,MD5,WastedLocker Ransomware
